1HGEM22901L500036;102
1HGEM22901L500046;102
1HGEM21901L500095;102
1HGEM21901L500102;102
1HGEM21901L500115;102
1HGEM21901L500118;102
1HGEM21901L500121;102
1HGEM21901L500125;102
1HGEM21901L500135;102
1HGEM22901L500076;102
1HGEM21901L500080;102
1HGEM21901L500087;102
1HGEM21901L500088;102
1HGEM21901L500094;102
93HES15501Z050241;102
93HES15501Z050242;102
93HES15501Z050243;102
93HES16801Z050282;102
93HES16801Z050323;102
93HES16801Z050325;102
93HES16801Z050326;102
93HES16801Z050327;102
93HES15501Z050344;102
93HES15801Z050370;102
93HES15801Z050372;102
93HES15801Z050376;102
93HES15801Z050377;102
93HES16501Z050411;102
93HES16501Z050413;102
93HES16501Z050414;102
93HES15801Z050458;102
93HES15801Z050461;102
93HES15801Z050463;102
93HES15801Z050464;102
93HES15801Z050465;102
93HES15801Z050466;102
93HES15801Z050467;102
93HES15801Z050468;102
93HES15801Z050469;102
93HES15801Z050470;102
93HES15801Z050471;102
93HES15801Z050472;102
93HES15801Z050473;102
93HES15801Z050474;102
93HES15801Z050475;102
93HES15801Z050476;102
93HES15801Z050504;102
93HES15801Z050508;102
93HES15801Z050510;102
93HES15801Z050513;102
93HES16801Z050319;102
93HES15501Z050356;102
93HES15801Z050389;102
93HES15801Z050401;102
93HES15801Z050477;102
93HES15801Z050493;102
93HES15801Z050494;102
93HES15801Z050495;102
93HES15801Z050496;102
93HES15801Z050497;102
93HES15801Z050498;102
JHMRN37401C201000;102
JHMRN37401C201002;102
JHMRN37401C201003;102
JHMRN37401C201195;102
JHMRN37401C201818;102
JHMRN37401C201819;102
JHMRN37401C201820;102
JHMRN37401C201821;102
JHMRN37401C201822;102
JHMRN37401C201823;102
JHMRN37401C201824;102
JHMRN37401C201825;102
JHMRN37401C201827;102
JHMRN37401C201832;102
JHMRN37401C201833;102
JHMRN37401C201836;102
JHMRN37401C201838;102
JHMRN37401C201839;102
JHMRN37401C201840;102
JHMRN38401C201804;102
JHMRN38401C201813;102
JHMRN37401C201816;102
JHMRN37401C201817;102
JHMRN37401C201841;102
JHMRN37401C201846;102
JHMRN37401C201850;102
JHMRN38401C203935;102
JHMRN38401C203941;102
JHMRN38401C203943;102
JHMRN37401C203944;102
JHMRN37401C203945;102
JHMRN37401C203946;102
JHMRN37401C203948;102
JHMRN37401C203950;102
JHMRN38401C205343;102
JHMRN38401C205445;102
JHMRN38401C205457;102
JHMRN38401C205459;102
JHMRN38401C208907;102
JHMRN38401C208911;102
JHMRN38401C208913;102
JHMRN38401C208916;102
JHMRN38401C208917;102
JHMRN38401C208920;102